<?xml version="1.0" encoding="UTF-8"?>
<project-private xmlns="http://www.netbeans.org/ns/project-private/1">
    <editor-bookmarks xmlns="http://www.netbeans.org/ns/editor-bookmarks/2" lastBookmarkId="0"/>
    <open-files xmlns="http://www.netbeans.org/ns/projectui-open-files/2">
        <group>
            <file>file:/C:/Users/mwhan/OneDrive/Documents/NetBeansProjects/Karaoke%20room%20reservation/src/RoomBookingSystem/home.java</file>
            <file>file:/C:/Users/mwhan/OneDrive/Documents/NetBeansProjects/Karaoke%20room%20reservation/src/RoomBookingSystem/RoomBookingSystem.java</file>
            <file>file:/C:/Users/mwhan/OneDrive/Documents/NetBeansProjects/Karaoke%20room%20reservation/src/RoomBookingSystem/OptionPane.java</file>
        </group>
    </open-files>
</project-private>
